rs312262906_A,rs11547464_A,rs885479_T,rs1805008_T,rs1805005_T,rs1805006_A,rs1805007_T,rs1805009_C,rs201326893_A,rs2228479_A,rs1110400_C,rs28777_C,rs16891982_C,rs12821256_G,rs4959270_A,rs12203592_T,rs1042602_T,rs1800407_A,rs2402130_G,rs12913832_T,rs2378249_C,rs12896399_T,rs1393350_T,rs683_G,rs3114908_T,rs1800414_C,rs10756819_G,rs2238289_C,rs17128291_C,rs6497292_C,rs1129038_G,rs1667394_C,rs1126809_A,rs1470608_A,rs1426654_G,rs6119471_C,rs1545397_T,rs6059655_T,rs12441727_A,rs3212355_A,rs8051733_C,PBlueEye,PIntermediateEye,PBrownEye,Full_AUC_BlueEye,Full_AUC_IntermediateEye,Full_AUC_BrownEye,Numb_missingSNPs_Eye,Name_missingSNPs_Eye,AUC_Loss_BlueEye,AUC_Loss_IntermediateEye,AUC_Loss_BrownEye,PBlondHair,PBrownHair,PRedHair,PBlackHair,Full_AUC_BlondHair,Full_AUC_BrownHair,Full_AUC_RedHair,Full_AUC_BlackHair,Numb_missingSNPs_Hair,Name_missingSNPs_Hair,AUC_Loss_BlondHair,AUC_Loss_BrownHair,AUC_Loss_RedHair,AUC_Loss_BlackHair,PLightHair,PDarkHair,Full_AUC_HairShade,Numb_missingSNPs_HairShade,Name_missingSNPs_HairShade,AUC_Loss_HairShade,PVeryPaleSkin,PPaleSkin,PIntermediateSkin,PDarkSkin,PDarktoBlackSkin,Full_AUC_Very PaleSkin,Full_AUC_PaleSkin,Full_AUC_IntermediateSkin,Full_AUC_DarkSkin,Full_AUC_DarktoBlackSkin,Numb_missingSNPs_Skin,Name_missingSNPs_Skin,AUC_Loss_VeryPaleSkin,AUC_Loss_PaleSkin,AUC_Loss_IntermediateSkin,AUC_Loss_DarkSkin,AUC_Loss_DarktoBlackSkin
NA,0,0,0,0,0,0,NA,NA,0,0,1,1,0,0,1,0,0,1,1,0,0,1,0,NA,0,1,1,0,NA,1,1,NA,0,0,NA,NA,NA,NA,NA,NA,0.0332394632757954,0.107723170089322,0.859037366634882,0.938973644229622,0.736088610355666,0.94607779085541,0,,0,0,0,0.0196483905505597,0.582082833427271,0.000735681047475144,0.397533094974694,0.81328159107446,0.741065453474718,0.928933015939974,0.859248131984826,3,rs312262906_A/rs1805009_C/rs201326893_A,0.00822095561484371,0.00316333050519157,0.0401399644439105,0.00182333821110814,0.0360274602821035,0.963972539717897,0.905443611371445,1,rs1805009_C,7.81005935643897e-05,0.0203553071136238,0.171512806958842,0.754441269100446,0.0498193146033862,0.00387130222370188,0.829988448209477,0.762796346988106,0.783304272013948,0.980616700828803,0.993473368342079,9,rs3114908_T/rs6497292_C/rs1126809_A/rs6119471_C/rs1545397_T/rs6059655_T/rs12441727_A/rs3212355_A/rs8051733_C,0.0200038505968444,0.00703248811410284,0.00709096192967196,0.00500549564804142,0.00135867300157999
